metric,value
mean,74.43450133080606
std_dev,1.762280076712423
percentile_5,71.91060008757616
percentile_25,73.1343493874232
percentile_50,74.19510499798643
percentile_75,75.51244350242126
percentile_95,77.68658953685602
min,70.8798908
max,81.41446092490703
prob_stress_25pct,0.0
